"nombrePropio","nombreComun","latitud","id","lugarDePlantacion","nombreCientifico","estado","longitud","riegos","id_monitores","altura_monitores","fotografia_monitores","timestamp_monitores","sanidad_monitores","fechaMonitoreo"
"Sequoia","Sequoia",-16.536170570613454,"II7JBaTtvMDnbt3Mn1Wh","jardín ","...","vivo",-68.04973885416985,"[]","nBOxPlnfxX1m9QlctPQI",1,"https://firebasestorage.googleapis.com/v0/b/arbu-c574d.appspot.com/o/imagenesArbolesPlantados%2FJPEG_20230502_182216_1711208660664774521.jpg?alt=media&token=daf60150-4a07-4100-a36b-9d29f523819f","2023-05-02 18:24:33","Sano, vigoroso","2023-05-02T22:24:33.000Z"
"cedro","Cedro",-17.371498989747494,"ItofcEpasp5hS2aFzep9","Parque","Cedrela lilloi C. DC. (Cedrela angustifolia Sessé & Moc. ex DC.).","vivo",-66.14455506205559,"[]","Dw0u2PRILGXEMZ8MZm1g",2.5,"https://firebasestorage.googleapis.com/v0/b/arbu-c574d.appspot.com/o/imagenesArbolesPlantados%2FJPEG_20230504_165025_7739202989772663912.jpg?alt=media&token=2e7fa76d-647a-410c-839f-a73c74480dce","2023-05-04 16:52:18","Sano, vigoroso","2023-05-04T20:52:18.000Z"
"wm1049","Lloque",-17.422441323241433,"B4HA1FpuszSMdH4yKykR","Acera","Kageneckia lanceolata Ruiz & Pav.","vivo",-66.01780023425817,"[]","i62oU4nqJCVkaZ5eHO8i",0.65,"https://firebasestorage.googleapis.com/v0/b/arbu-c574d.appspot.com/o/imagenesArbolesPlantados%2FJPEG_20230511_153336_6559657295403262844.jpg?alt=media&token=3e2cf88b-2c02-4ab2-8cab-05a90c7647ad","2023-05-11 15:37:00","Sano, vigoroso","2023-05-11T19:37:00.000Z"
"wm1050","Garrocha",-17.422415411768316,"XOAM43yXEU7N53dR9EBK","Acera","Tecoma fulva subsp. garrocha (Hieron.) J.R.I. Wood","vivo",-66.01783476769924,"[]","2n5b88h94sSIwBhmhcE4",0.9,"https://firebasestorage.googleapis.com/v0/b/arbu-c574d.appspot.com/o/imagenesArbolesPlantados%2FJPEG_20230511_160056_6911341701866126680.jpg?alt=media&token=f5153d82-f33c-4e76-bfa6-2ac95d3d22a5","2023-05-11 16:02:45","Sano, vigoroso","2023-05-11T20:02:45.000Z"
"wm1051","Limon",-17.422390140081127,"m9RstLkunv2MniGBVh18","Acera","Citrus x limon","vivo",-66.01785723119974,"[]","7aBqqb54ZPyoNvbOwNk9",0.24,"https://firebasestorage.googleapis.com/v0/b/arbu-c574d.appspot.com/o/imagenesArbolesPlantados%2FJPEG_20230511_160619_453873730005078612.jpg?alt=media&token=2244992a-0cd4-43ea-98f6-90c79f6bca43","2023-05-11 16:10:17","plagas","2023-05-11T20:10:17.000Z"
"wm1052","Guayaba",-17.422351432806618,"hsQne7iyZ2UtC8nFuU8U","Acera","Psidium guajava","vivo",-66.01789109408855,"[]","JK4Q1KvsKL3l79qxHHMf",0.45,"https://firebasestorage.googleapis.com/v0/b/arbu-c574d.appspot.com/o/imagenesArbolesPlantados%2FJPEG_20230511_161052_510987490121038817.jpg?alt=media&token=b62eebdc-8ef0-4007-a2b5-319d5a000b17","2023-05-11 16:20:53","insecto","2023-05-11T20:20:53.000Z"
"wm2053","Tajibo rosado",-17.422339276801356,"fl8X5VVmj4MMkDGv7hQo","Acera","Handroanthus (Tabebuia) impetiginosus (Mart. ex DC.) Mattos.","vivo",-66.01792629808187,"[]","NfjM89y5aTr5gFMakReZ",0.38,"https://firebasestorage.googleapis.com/v0/b/arbu-c574d.appspot.com/o/imagenesArbolesPlantados%2FJPEG_20230511_162115_5294332594420893502.jpg?alt=media&token=ca2572e3-0081-481e-a70d-ea61a4b0e862","2023-05-11 16:24:47","ecceso de frio o sol","2023-05-11T20:24:47.000Z"
"wm1054","Tara",-17.422311765839098,"bAITVdacz6um1nednhod","Acera","Tara spinosa (Feuillée ex Molina) Britton & Rose","vivo",-66.01794809103012,"[]","NSulpQelcODUUWayCmYj",0.66,"https://firebasestorage.googleapis.com/v0/b/arbu-c574d.appspot.com/o/imagenesArbolesPlantados%2FJPEG_20230511_162905_4567455065968985329.jpg?alt=media&token=3a8545d0-02bd-438e-a532-e69037940eef","2023-05-11 16:31:15","Sano, vigoroso","2023-05-11T20:31:15.000Z"
"wm1055","Jarca",-17.4223341584831,"55M9kClFYJEFTsplKZCs","Acera","Senegalia (Acacia) visco (Lorentz ex Griseb.) Seigler & Ebinger","vivo",-66.01778984069824,"[]","Hnj06zUJAadlCGTyI1J9",0.4,"https://firebasestorage.googleapis.com/v0/b/arbu-c574d.appspot.com/o/imagenesArbolesPlantados%2FJPEG_20230511_163004_9206396225143089214.jpg?alt=media&token=be7724fa-7247-48bc-95b6-cc027979f922","2023-05-11 16:31:26","Sano, vigoroso","2023-05-11T20:31:26.000Z"
"wm1056","Nispero",-17.422290332877253,"MUyDD4vRzVmuij7BasZ2","Acera","Eriobotrya japónica (Thunb) Lindl.","vivo",-66.01799234747887,"[]","dRVl7EziT1TqU8nB5CPn",0.85,"https://firebasestorage.googleapis.com/v0/b/arbu-c574d.appspot.com/o/imagenesArbolesPlantados%2FJPEG_20230511_163300_4655487366079210928.jpg?alt=media&token=60d2ae67-e633-4542-bcf3-fd6bba05f096","2023-05-11 16:34:06","Sano, vigoroso","2023-05-11T20:34:06.000Z"
"wm1057","Lloque",-17.42231464489348,"WgSyWWLaH3kHdbp4aNms","Acera","Kageneckia lanceolata Ruiz & Pav.","vivo",-66.01781498640776,"[]","VZomOo3CCrRrqzwxRkCB",0.45,"https://firebasestorage.googleapis.com/v0/b/arbu-c574d.appspot.com/o/imagenesArbolesPlantados%2FJPEG_20230511_163351_3113213298641797344.jpg?alt=media&token=627c828f-1ab4-4719-9ed1-fe6f0f536f3c","2023-05-11 16:34:26","Sano, vigoroso","2023-05-11T20:34:26.000Z"
"wm1058","Lloque",-17.422241708835088,"ced3VTunLyWTstVw01pb","Acera","Kageneckia lanceolata Ruiz & Pav.","vivo",-66.01803626865149,"[]","xwIiSQrUcuI5NVKDZ60i",0.6,"https://firebasestorage.googleapis.com/v0/b/arbu-c574d.appspot.com/o/imagenesArbolesPlantados%2FJPEG_20230511_163531_2728306942160014206.jpg?alt=media&token=68c3ae02-5725-469c-a20f-fc0837f2529b","2023-05-11 16:36:46","Sano, vigoroso","2023-05-11T20:36:46.000Z"
"wm1059","Tajibo rosado",-17.422295771091694,"OJFnV8MYCpWTAcrKVQkv","Acera","Handroanthus (Tabebuia) impetiginosus (Mart. ex DC.) Mattos.","vivo",-66.01783946156502,"[]","Mbwyzob6RlXJj4Hud3Gx",1,"https://firebasestorage.googleapis.com/v0/b/arbu-c574d.appspot.com/o/imagenesArbolesPlantados%2FJPEG_20230511_163632_8128521049365470341.jpg?alt=media&token=c432f11e-c0de-4bc6-a5cc-bfa4fc807da8","2023-05-11 16:36:50","Sano, vigoroso","2023-05-11T20:36:50.000Z"
"wm1061","Lloque",-17.422264741277726,"UzUzVjotpvmeUsPOCT0Z","Acera","Kageneckia lanceolata Ruiz & Pav.","vivo",-66.0178679600358,"[]","ah3yPfDvpUnLdXGlQefn",0.8,"https://firebasestorage.googleapis.com/v0/b/arbu-c574d.appspot.com/o/imagenesArbolesPlantados%2FJPEG_20230511_163818_2815102299827927615.jpg?alt=media&token=3a585f68-716b-49c1-9e63-2722b88ca286","2023-05-11 16:38:39","Sano, vigoroso","2023-05-11T20:38:39.000Z"
"wm1060","Chacatea",-17.422221875340494,"N9iJFGNvW2vbl45YJerK","Acera","Dodonaea viscosa Jacq.","vivo",-66.01805973798037,"[]","qVKIPBveTi9Ooxb1vjuZ",0.66,"https://firebasestorage.googleapis.com/v0/b/arbu-c574d.appspot.com/o/imagenesArbolesPlantados%2FJPEG_20230511_163734_4566549323144995895.jpg?alt=media&token=b5bbdb5a-4f21-41d2-aea2-4be2a0a55356","2023-05-11 16:38:41","Sano, vigoroso","2023-05-11T20:38:41.000Z"
"wm1063","Lloque",-17.42221227848749,"SPYqPVvsq1PYU5lt5kHJ","Acera","Kageneckia lanceolata Ruiz & Pav.","vivo",-66.01794272661209,"[]","gUXuLEzSAkOHWIFpd5BX",0.38,"https://firebasestorage.googleapis.com/v0/b/arbu-c574d.appspot.com/o/imagenesArbolesPlantados%2FJPEG_20230511_164027_8267651521151325311.jpg?alt=media&token=37e2b5c6-0f24-4115-8de6-96e73a24ed26","2023-05-11 16:42:36","hojas semi secas por frio","2023-05-11T20:42:36.000Z"
"wm1063","Tajibo rosado",-17.422249386316288,"1FTOTkzjfBXJBtm7C040","Acera","Handroanthus (Tabebuia) impetiginosus (Mart. ex DC.) Mattos.","vivo",-66.01788707077503,"[]","flpNzDgg7MJO0AAvnovU",0.25,"https://firebasestorage.googleapis.com/v0/b/arbu-c574d.appspot.com/o/imagenesArbolesPlantados%2FJPEG_20230511_164839_7372052173935752823.jpg?alt=media&token=f298273d-d5a9-49de-98a4-f745d790b442","2023-05-11 16:49:24","Sano, vigoroso","2023-05-11T20:49:24.000Z"
"wm1064","Soto",-17.42218444761094,"e22bTxblgStBHuR2VPS7","Acera","Schinopsis haenkeana Engl.","vivo",-66.01797726005316,"[]","mxs7SMyO1YPUVUVYCBCv",0.38,"https://firebasestorage.googleapis.com/v0/b/arbu-c574d.appspot.com/o/imagenesArbolesPlantados%2FJPEG_20230511_165053_3262618355254116428.jpg?alt=media&token=4aa49832-6250-49b9-bebb-773eb0c08e96","2023-05-11 16:51:45","Sano, vigoroso","2023-05-11T20:51:45.000Z"
"lavalava 01","Pacay",-17.416394893277918,"PAMaNGE9fuNN9uKloEtN","area privada","Inga feuillei","vivo",-66.01989034563303,"[]","ekD3IgOt9TBE4jrcMEbv",2.8,"https://firebasestorage.googleapis.com/v0/b/arbu-c574d.appspot.com/o/imagenesArbolesPlantados%2FJPEG_20230512_094126_6830118262592261650.jpg?alt=media&token=3560c6fd-0941-4940-b824-63df1f597fa8","2023-05-12 09:43:49","Sano, vigoroso","2023-05-12T13:43:49.000Z"
"wm1065","Nispero",-17.422059688457026,"AQKjZomp7FuyFbL5S1Ib","Acera","Eriobotrya japónica (Thunb) Lindl.","vivo",-66.01814791560173,"[]","7vLA9nuVxRhTMf6npBdv",0.8,"https://firebasestorage.googleapis.com/v0/b/arbu-c574d.appspot.com/o/imagenesArbolesPlantados%2FJPEG_20230512_140643_2871860033356433034.jpg?alt=media&token=bd243bf9-5b8a-4679-964d-2ceb43d09a19","2023-05-12 14:07:59","Sano, vigoroso","2023-05-12T18:07:59.000Z"
"wm1066","Guayaba",-17.42203281724348,"WG8GLwCCkvG6y28PtAMa","Acera","Psidium guajava","vivo",-66.01816769689322,"[]","POHkCLh9BrMFEflaS9Yr",0.36,"https://firebasestorage.googleapis.com/v0/b/arbu-c574d.appspot.com/o/imagenesArbolesPlantados%2FJPEG_20230512_140816_4584147359035930841.jpg?alt=media&token=b9649857-bed3-4b24-b9ad-f1c4100c3814","2023-05-12 14:08:40","Sano, vigoroso","2023-05-12T18:08:40.000Z"
"wm1067","Chillijchi",-17.4220219407988,"yWHsTG4xudxx9ovq4Oii","Acera","Erythrina falcata Benth.","vivo",-66.01818077266216,"[]","neEhx5eGAPsRLRJKAtpZ",0.46,"https://firebasestorage.googleapis.com/v0/b/arbu-c574d.appspot.com/o/imagenesArbolesPlantados%2FJPEG_20230512_140926_3021395075258037360.jpg?alt=media&token=aaf30a72-b2d9-4df6-8cb1-267eeddcbf9d","2023-05-12 14:12:40","Sano, vigoroso","2023-05-12T18:12:40.000Z"
"wm1068","Chacatea",-17.422020021426132,"CqZCMusWPJe3izoipcln","Acera","Dodonaea viscosa Jacq.","vivo",-66.01818513125181,"[]","AijHi3ViQXfVFU7IspVC",0.87,"https://firebasestorage.googleapis.com/v0/b/arbu-c574d.appspot.com/o/imagenesArbolesPlantados%2FJPEG_20230512_141327_6318940878049214874.jpg?alt=media&token=39d5eef8-436e-4652-87bb-4863f723c59c","2023-05-12 14:15:23","Sano, vigoroso","2023-05-12T18:15:23.000Z"
"wm1069","Limon",-17.422015862785294,"MegY2VGP6S7LTEaYoVMd","Acera","Citrus x limon","vivo",-66.01819552481174,"[]","cpToIxxaD6Z5TucYXn0a",1.02,"https://firebasestorage.googleapis.com/v0/b/arbu-c574d.appspot.com/o/imagenesArbolesPlantados%2FJPEG_20230512_141631_3640942175097578097.jpg?alt=media&token=06e39f10-266c-4dbe-95d8-501ab291db26","2023-05-12 14:18:59","falta de agua ","2023-05-12T18:18:59.000Z"
"wm1070","Chacatea",-17.422010744457978,"edA9JgTX5w2VdPR2FXxi","Acera","Dodonaea viscosa Jacq.","vivo",-66.0182012245059,"[]","uWRwEhoYmG5ltT4Wg9Cn",0.9,"https://firebasestorage.googleapis.com/v0/b/arbu-c574d.appspot.com/o/imagenesArbolesPlantados%2FJPEG_20230512_141928_5721959922539343757.jpg?alt=media&token=6d2ee005-cd40-4a72-972e-88cf531988ba","2023-05-12 14:20:36","Sano, vigoroso","2023-05-12T18:20:36.000Z"
"wm1071","Jacarandá",-17.421998588430043,"STtZY5aJrRFXT86u2I4y","Acera","Jacarandá mimosifolia D. Don","vivo",-66.01822033524513,"[]","JR2rt6VPf5UxsvLlxKCB",0.58,"https://firebasestorage.googleapis.com/v0/b/arbu-c574d.appspot.com/o/imagenesArbolesPlantados%2FJPEG_20230512_142357_863373582777368897.jpg?alt=media&token=0dafcd87-b340-4478-a839-f16071c39f2a","2023-05-12 14:25:13","Sano, vigoroso","2023-05-12T18:25:13.000Z"
"wm1072","Soto",-17.42193205015749,"ESeyEQrCfDH4jubWmg4v","Acera","Schinopsis haenkeana Engl.","vivo",-66.0182997956872,"[]","cT8gsEUQEs6sdUYjZMbn",0.4,"https://firebasestorage.googleapis.com/v0/b/arbu-c574d.appspot.com/o/imagenesArbolesPlantados%2FJPEG_20230512_142802_1462898720217482165.jpg?alt=media&token=f18cabfd-3315-4891-9225-5bba1d326abb","2023-05-12 14:29:06","Sano, vigoroso","2023-05-12T18:29:06.000Z"
"wm1073","Tajibo rosado",-17.421896861638178,"f36fbMePn9KjTRCjE3be","Acera","Handroanthus (Tabebuia) impetiginosus (Mart. ex DC.) Mattos.","vivo",-66.01835578680038,"[]","2s56ObU2MTrMxJuoBtDV",0.4,"https://firebasestorage.googleapis.com/v0/b/arbu-c574d.appspot.com/o/imagenesArbolesPlantados%2FJPEG_20230512_142945_7473116243395655038.jpg?alt=media&token=d47740ed-dec0-4aba-93c2-5c79734c2a7b","2023-05-12 14:30:42","Sano, vigoroso","2023-05-12T18:30:42.000Z"
"wm1074","Jacarandá",-17.421859753737728,"sR3f6KpXQCOslXu5TPY0","Acera","Jacarandá mimosifolia D. Don","vivo",-66.01839434355497,"[]","NFHTaaHy76NFp27oP5al",0.73,"https://firebasestorage.googleapis.com/v0/b/arbu-c574d.appspot.com/o/imagenesArbolesPlantados%2FJPEG_20230512_143140_3206695639302896301.jpg?alt=media&token=704759ce-0256-4ed6-9a03-098351c900f4","2023-05-12 14:32:49","Sano, vigoroso","2023-05-12T18:32:49.000Z"
"wm1075","Tara",-17.421823605517123,"QDVDrjldvDWJyg7RwCVW","Acera","Tara spinosa (Feuillée ex Molina) Britton & Rose","vivo",-66.01842518895864,"[]","X8RDVRERgxZfdCpFxPB4",0.89,"https://firebasestorage.googleapis.com/v0/b/arbu-c574d.appspot.com/o/imagenesArbolesPlantados%2FJPEG_20230512_144013_6235713260873604549.jpg?alt=media&token=f842cc8d-1d34-4112-a637-caa4381d2dd7","2023-05-12 14:41:20","Sano, vigoroso","2023-05-12T18:41:20.000Z"
"wm1076","Guayaba",-17.42179545468549,"PtHVElNmSOzDocxjkT70","Acera","Psidium guajava","vivo",-66.01848050951958,"[]","EllIJ8vuGjfy8udjbvuw",0.46,"https://firebasestorage.googleapis.com/v0/b/arbu-c574d.appspot.com/o/imagenesArbolesPlantados%2FJPEG_20230512_144149_6959033426443620454.jpg?alt=media&token=39550097-ef8c-4aaa-be12-9f8b3b20b624","2023-05-12 14:42:44","Sano, vigoroso","2023-05-12T18:42:44.000Z"
"wm1077","Chacatea",-17.42178009968459,"cjMTApiuGjjrwQ7lrRaz","Acera","Dodonaea viscosa Jacq.","vivo",-66.01849794387817,"[]","9Q0hERkFYNRsAyKmILrH",0.78,"https://firebasestorage.googleapis.com/v0/b/arbu-c574d.appspot.com/o/imagenesArbolesPlantados%2FJPEG_20230512_144257_4952933057156218354.jpg?alt=media&token=6f053b16-f90c-435c-a7f8-d10530679227","2023-05-12 14:43:40","Sano, vigoroso","2023-05-12T18:43:40.000Z"
"wm1078","Limon",-17.421737233633554,"1uSqcz5MZypg7E7mOj1L","Acera","Citrus x limon","vivo",-66.01854421198368,"[]","DmmnU4OOFNlO3U8g5Xj7",1.12,"https://firebasestorage.googleapis.com/v0/b/arbu-c574d.appspot.com/o/imagenesArbolesPlantados%2FJPEG_20230512_144551_4751532008284214886.jpg?alt=media&token=fd8f2e02-3ce1-4c40-a08b-899933c4b2f1","2023-05-12 14:46:25","Sano, vigoroso","2023-05-12T18:46:25.000Z"
"wm1070","Jacarandá",-17.41459669674025,"krLAWYdLZPsSQhz6165H","Acera","Jacarandá mimosifolia D. Don","vivo",-66.0231800749898,"[]","iPHtEmGLYUBuAYsPgb49",4.5,"https://firebasestorage.googleapis.com/v0/b/arbu-c574d.appspot.com/o/imagenesArbolesPlantados%2FJPEG_20230512_145352_9003680370848277849.jpg?alt=media&token=7c04a100-690d-4928-9271-0542c7e55599","2023-05-12 14:55:00","Sano, vigoroso","2023-05-12T18:55:00.000Z"
"wm1080","Tara",-17.42197139731198,"phv5iIyUjsTTjB6lodKC","Acera","Tara spinosa (Feuillée ex Molina) Britton & Rose","vivo",-66.01838696748018,"[]","v1p0xDOPkstF3LK8Zl8u",0.8,"https://firebasestorage.googleapis.com/v0/b/arbu-c574d.appspot.com/o/imagenesArbolesPlantados%2FJPEG_20230512_150249_7150935719468215643.jpg?alt=media&token=06180251-08fe-4018-93b6-f55a00a04513","2023-05-12 15:04:28","Sano, vigoroso","2023-05-12T19:04:28.000Z"
"wm1079","Algarrobo",-17.42193940775614,"ZRY5vbLuMUNbbBQnNlN5","Acera","Prosopis alba Griseb.","vivo",-66.01841043680906,"[]","HDwWQzUp2yra88WaInmb",0.95,"https://firebasestorage.googleapis.com/v0/b/arbu-c574d.appspot.com/o/imagenesArbolesPlantados%2FJPEG_20230512_144724_2235047880277037724.jpg?alt=media&token=401ac73e-c3b5-4b96-8e3a-47448c2906e8","2023-05-12 15:05:47","Sano, vigoroso","2023-05-12T19:05:47.000Z"
"wm1081","Nispero",-17.421993470102244,"AV8JhKXnHyvUADa53Uht","Acera","Eriobotrya japónica (Thunb) Lindl.","vivo",-66.01836416870354,"[]","vSU0PYZ1qOXdJpiQMjgX",0.75,"https://firebasestorage.googleapis.com/v0/b/arbu-c574d.appspot.com/o/imagenesArbolesPlantados%2FJPEG_20230512_150651_4289907128007509143.jpg?alt=media&token=6f5fbaf6-b1eb-45e9-8a87-0b3ea8b3fd9c","2023-05-12 15:07:41","Sano, vigoroso","2023-05-12T19:07:41.000Z"
"wm1081","Chacatea",-17.42197619574487,"RBi8T6YLOjVoj8gybnh8","Acera","Dodonaea viscosa Jacq.","vivo",-66.0183722153306,"[]","34K2ZZM89oJAilqYDNkQ",0.77,"https://firebasestorage.googleapis.com/v0/b/arbu-c574d.appspot.com/o/imagenesArbolesPlantados%2FJPEG_20230512_150640_8622614527041887459.jpg?alt=media&token=63721a4a-66b8-42c4-b792-14e659792aa6","2023-05-12 15:07:51","Sano, vigoroso","2023-05-12T19:07:51.000Z"
"wm1083","Guayaba",-17.422033457034342,"7U2tIMQ5xYI7syKvfLLr","Acera","Psidium guajava","vivo",-66.01829677820206,"[]","jwoNGfdzoa2s3bwFeZX9",0.45,"https://firebasestorage.googleapis.com/v0/b/arbu-c574d.appspot.com/o/imagenesArbolesPlantados%2FJPEG_20230512_150834_1880245983888076629.jpg?alt=media&token=25fa4c32-bef4-482d-9c4d-920e28c6ffae","2023-05-12 15:09:52","Sano, vigoroso","2023-05-12T19:09:52.000Z"
"wn1083","Tajibo rosado",-17.42202993818467,"2BlX6sU761nT9Aw45B9L","Acera","Handroanthus (Tabebuia) impetiginosus (Mart. ex DC.) Mattos.","vivo",-66.01831052452326,"[]","JIGruQXOVXSJyWw9Y0ue",0.93,"https://firebasestorage.googleapis.com/v0/b/arbu-c574d.appspot.com/o/imagenesArbolesPlantados%2FJPEG_20230512_150832_1589059703381550924.jpg?alt=media&token=e3cbeb06-cb10-47a4-ad1b-c3d19d8da2bb","2023-05-12 15:10:43","Sano, vigoroso","2023-05-12T19:10:43.000Z"
"wm1086","Tajibo rosado",-17.422076962806507,"cnfTS3jQ0EWetbBdWdJL","Acera","Handroanthus (Tabebuia) impetiginosus (Mart. ex DC.) Mattos.","vivo",-66.01826291531324,"[]","HSfRoCWgb2ZLZ1eHJQu7",0.65,"https://firebasestorage.googleapis.com/v0/b/arbu-c574d.appspot.com/o/imagenesArbolesPlantados%2FJPEG_20230512_151043_7752756009575776713.jpg?alt=media&token=88f97c19-57c7-4512-b03d-b07cc79ce730","2023-05-12 15:11:33","Sano, vigoroso","2023-05-12T19:11:33.000Z"
"wm1085","Tara",-17.422060008352403,"7ic7tnYIYvtzFEoabuea","Acera","Tara spinosa (Feuillée ex Molina) Britton & Rose","vivo",-66.01826962083578,"[]","4OFrBacUwZP4FwmHkwxb",0.66,"https://firebasestorage.googleapis.com/v0/b/arbu-c574d.appspot.com/o/imagenesArbolesPlantados%2FJPEG_20230512_151106_2451501367182135338.jpg?alt=media&token=d577560a-7ece-40a5-9d34-707c09dbff42","2023-05-12 15:11:46","Sano, vigoroso","2023-05-12T19:11:46.000Z"
"wm1088","Lloque",-17.42211119160525,"ENHmLAZSdcfSAa9aUMie","Acera","Kageneckia lanceolata Ruiz & Pav.","vivo",-66.01820725947618,"[]","TxS3ODNn9vk9gHtGJ8gX",0.45,"https://firebasestorage.googleapis.com/v0/b/arbu-c574d.appspot.com/o/imagenesArbolesPlantados%2FJPEG_20230512_151240_3755540550968480992.jpg?alt=media&token=5f10e36a-e471-43d6-b369-a348fc534557","2023-05-12 15:14:20","Sano, vigoroso","2023-05-12T19:14:20.000Z"
"wm1087","soto",-17.4221102319194,"V5BceRoyaX4KWwctaVMJ","Acera","...","vivo",-66.01819954812525,"[]","S1siN0RPOxF0UT7Fc2Nh",0.55,"https://firebasestorage.googleapis.com/v0/b/arbu-c574d.appspot.com/o/imagenesArbolesPlantados%2FJPEG_20230512_151251_1913077148056933939.jpg?alt=media&token=545eb383-57f8-4cb6-af23-91510cc4dedc","2023-05-12 15:17:22","Sano, vigoroso","2023-05-12T19:17:22.000Z"
"wm1090","Chacatea",-17.42215437746369,"yqkiDrifnOHmVopeiQCd","Acera","Dodonaea viscosa Jacq.","vivo",-66.01815462112427,"[]","LO4aCfShs0D15D9rqgRi",0.78,"https://firebasestorage.googleapis.com/v0/b/arbu-c574d.appspot.com/o/imagenesArbolesPlantados%2FJPEG_20230512_151817_8860207927883253241.jpg?alt=media&token=679e39b8-a10d-44e7-9dde-278e3bf3e30a","2023-05-12 15:19:00","Sano, vigoroso","2023-05-12T19:19:00.000Z"
"wm1089","Limon",-17.422144780607137,"huA2XEYgnNyZJJMfAYVb","Acera","Citrus x limon","vivo",-66.01816467940807,"[]","A7d96wx9A4yv6kgJhUjL",0.86,"https://firebasestorage.googleapis.com/v0/b/arbu-c574d.appspot.com/o/imagenesArbolesPlantados%2FJPEG_20230512_151807_4786247945132090614.jpg?alt=media&token=10078615-5b50-4217-b290-e366d5c996fe","2023-05-12 15:19:04","Sano, vigoroso","2023-05-12T19:19:04.000Z"
"wm1091","Limon",-17.42164830254039,"mBoImGZFDzfkpuMcU7aS","Acera","Citrus x limon","vivo",-66.01857773959637,"[]","vrlfpbiWkt6BOoEnrYLl",0.95,"https://firebasestorage.googleapis.com/v0/b/arbu-c574d.appspot.com/o/imagenesArbolesPlantados%2FJPEG_20230512_152633_1392719600620191683.jpg?alt=media&token=0b4b94ee-3224-4267-a3f4-e74fb0b915ac","2023-05-12 15:28:27","Sano, vigoroso","2023-05-12T19:28:27.000Z"
"wm1092","Lloque",-17.4215763259045,"xVklakGHLatuJdCd1amd","Acera","Kageneckia lanceolata Ruiz & Pav.","vivo",-66.01858109235764,"[]","AfMq41KfEgQMNkYp21l8",0.48,"https://firebasestorage.googleapis.com/v0/b/arbu-c574d.appspot.com/o/imagenesArbolesPlantados%2FJPEG_20230512_152916_2834736900972783140.jpg?alt=media&token=a6baa3a4-81e3-44e6-80ce-c05a09f7ccc0","2023-05-12 15:29:50","Sano, vigoroso","2023-05-12T19:29:50.000Z"
"wm1093","Chacatea",-17.421433972029956,"BECZoIOSmf0argmyDvHB","Acera","Dodonaea viscosa Jacq.","vivo",-66.01860489696264,"[]","4Sn7eVWyXGWtJB1TTfBL",0.12,"https://firebasestorage.googleapis.com/v0/b/arbu-c574d.appspot.com/o/imagenesArbolesPlantados%2FJPEG_20230512_153038_7618977754443055427.jpg?alt=media&token=92c04280-1d53-4095-a6b2-7492cca571da","2023-05-12 15:31:16","Sano, vigoroso","2023-05-12T19:31:16.000Z"
"wm1095","Chacatea",-17.42134472089247,"VCP2YVH4anbcdRXVJDKp","Acera","Dodonaea viscosa Jacq.","vivo",-66.01858913898468,"[]","9IfUwpnSSjn8iFCeI73d",0.6,"https://firebasestorage.googleapis.com/v0/b/arbu-c574d.appspot.com/o/imagenesArbolesPlantados%2FJPEG_20230512_153132_717840752388959780.jpg?alt=media&token=2e9bcd9d-be29-4116-8859-142b6129f22f","2023-05-12 15:32:13","Sano, vigoroso","2023-05-12T19:32:13.000Z"
"wm1094","Jacarandá",-17.421361675412985,"fcCzZO7IHknq0CZj2Se9","Acera","Jacarandá mimosifolia D. Don","vivo",-66.01860623806715,"[]","FY81j8jPNrLmF4Hgfyei",0.46,"https://firebasestorage.googleapis.com/v0/b/arbu-c574d.appspot.com/o/imagenesArbolesPlantados%2FJPEG_20230512_153044_4676615196817144858.jpg?alt=media&token=13d47095-5f8a-41e0-b380-5d9820787e07","2023-05-12 15:32:18","Sano, vigoroso","2023-05-12T19:32:18.000Z"
"wm1096","Pacay",-17.42132040874709,"kIPpAs3b2DZeNi8OQMfG","Acera","Inga feuillei","vivo",-66.01857975125313,"[]","cXYDXb7ZdXmer5BnvPNM",0.76,"https://firebasestorage.googleapis.com/v0/b/arbu-c574d.appspot.com/o/imagenesArbolesPlantados%2FJPEG_20230512_153329_8548660916372562260.jpg?alt=media&token=a7c4c237-5de2-48d6-9146-ef2e834dbeba","2023-05-12 15:35:04","Sano, vigoroso","2023-05-12T19:35:04.000Z"
"wm1097","Chillijchi",-17.421291298147715,"c5H0ndlVOtVZLqdC9GSQ","Acera","Erythrina falcata Benth.","vivo",-66.0185656696558,"[]","fPfTkULlEzqhhTZy7vgy",0.64,"https://firebasestorage.googleapis.com/v0/b/arbu-c574d.appspot.com/o/imagenesArbolesPlantados%2FJPEG_20230512_153323_8194743424391931143.jpg?alt=media&token=0bd24216-8211-4159-aa48-b8a961de0872","2023-05-12 15:35:21","Sano, vigoroso","2023-05-12T19:35:21.000Z"
"wm1098","Jacarandá",-17.421127510952612,"BUvqmfsTseE9o2bgQZ32","Acera","Jacarandá mimosifolia D. Don","vivo",-66.01867664605379,"[]","yoPV5djumcj1fKe7aapx",0.36,"https://firebasestorage.googleapis.com/v0/b/arbu-c574d.appspot.com/o/imagenesArbolesPlantados%2FJPEG_20230512_153553_6437192625136962962.jpg?alt=media&token=22f38f60-5f60-44ad-b24a-2e61bcc498fe","2023-05-12 15:36:56","Sano, vigoroso","2023-05-12T19:36:56.000Z"
"wm1099","Tajibo rosado",-17.42108592433672,"0azjZkrGG2e24Qy0i4O5","Acera","Handroanthus (Tabebuia) impetiginosus (Mart. ex DC.) Mattos.","vivo",-66.01871956139803,"[]","rNdsfM0vI7Lpc992WtaI",0.32,"https://firebasestorage.googleapis.com/v0/b/arbu-c574d.appspot.com/o/imagenesArbolesPlantados%2FJPEG_20230512_153553_1174744764019548203.jpg?alt=media&token=745331a5-f505-4911-b542-9e7ee0007758","2023-05-12 15:37:13","Sano, vigoroso","2023-05-12T19:37:13.000Z"
"wm1100","Tara",-17.42108144577752,"BccxrT46zaVvxnTWqGzn","Acera","Tara spinosa (Feuillée ex Molina) Britton & Rose","vivo",-66.0187316313386,"[]","uZZNQwegn7Ey2b6F0J4K",0.48,"https://firebasestorage.googleapis.com/v0/b/arbu-c574d.appspot.com/o/imagenesArbolesPlantados%2FJPEG_20230512_153748_5878290996931923804.jpg?alt=media&token=5aea7c5c-4337-4bad-af26-6e4d441a56db","2023-05-12 15:38:58","Sano, vigoroso","2023-05-12T19:38:58.000Z"
"wm111","Chacatea",-17.421046896888583,"jivoHuKNHwl117gp9cl6","Acera","Dodonaea viscosa Jacq.","vivo",-66.01880103349686,"[]","aeHdOWjEib9PtjkWGqlC",0.3,"https://firebasestorage.googleapis.com/v0/b/arbu-c574d.appspot.com/o/imagenesArbolesPlantados%2FJPEG_20230512_153752_2693099335266418030.jpg?alt=media&token=31d9fd21-35a0-4bab-a944-968b96b4f603","2023-05-12 15:39:29","Sano, vigoroso","2023-05-12T19:39:29.000Z"
"wm1102","Jacarandá",-17.420915419112546,"9PxjfAdrLSaOBM3X5jbw","Acera","Jacarandá mimosifolia D. Don","vivo",-66.01907730102539,"[]","IG7QX0vBHUqxupUzcNyD",0.53,"https://firebasestorage.googleapis.com/v0/b/arbu-c574d.appspot.com/o/imagenesArbolesPlantados%2FJPEG_20230512_154009_7972983295546841813.jpg?alt=media&token=654e95c3-c337-46df-9154-88967d0f9e29","2023-05-12 15:41:00","Sano, vigoroso","2023-05-12T19:41:00.000Z"
"wm1102","Tara",-17.420907741575252,"OSuKsAHh411xJIrYPGUE","Acera","Tara spinosa (Feuillée ex Molina) Britton & Rose","vivo",-66.01913060992956,"[]","iXTFyCuL7X6Z9vJf7vNX",0.55,"https://firebasestorage.googleapis.com/v0/b/arbu-c574d.appspot.com/o/imagenesArbolesPlantados%2FJPEG_20230512_154015_5636604296595191993.jpg?alt=media&token=190eafed-64db-4a59-8cb5-9ec819c51564","2023-05-12 15:41:42","Sano, vigoroso","2023-05-12T19:41:42.000Z"
"wm1104","Jacarandá",-17.420886948243453,"wk1AkXE8ExGJZvQbWUAc","Acera","Jacarandá mimosifolia D. Don","vivo",-66.01917821913958,"[]","u7MzMPuAk6wqdJSJqnLF",0.36,"https://firebasestorage.googleapis.com/v0/b/arbu-c574d.appspot.com/o/imagenesArbolesPlantados%2FJPEG_20230512_154152_3664034675034147117.jpg?alt=media&token=22d46720-20c5-4783-81aa-2dbae0b0a85e","2023-05-12 15:42:46","seco falta de agua","2023-05-12T19:42:46.000Z"
"wm1105","Tara",-17.420859117164902,"A3ws0oD4Ovoq6nM8flNN","Acera","Tara spinosa (Feuillée ex Molina) Britton & Rose","vivo",-66.01922012865543,"[]","PC9zlnEdjhHHBHzWgld0",0.38,"https://firebasestorage.googleapis.com/v0/b/arbu-c574d.appspot.com/o/imagenesArbolesPlantados%2FJPEG_20230512_154215_8502230890090876182.jpg?alt=media&token=b8dfa57c-8233-4750-8a4c-3e3bc84f71c0","2023-05-12 15:43:26","Sano, vigoroso","2023-05-12T19:43:26.000Z"
"wm1106","Tipa",-17.42093301346761,"3a9CnIzAaSb0O9vcQRoC","Acera","Tipuana tipu (Benth.) Kuntze.","vivo",-66.0192734375596,"[]","1F6gLlNDRPUvxYMQtgTg",0.92,"https://firebasestorage.googleapis.com/v0/b/arbu-c574d.appspot.com/o/imagenesArbolesPlantados%2FJPEG_20230512_154347_5610426830550806222.jpg?alt=media&token=ba00acb7-5f00-4ed7-aaee-16b0d7a67cd3","2023-05-12 15:44:58","Sano, vigoroso","2023-05-12T19:44:58.000Z"
"wm1108","Molle",-17.420980998063765,"r5WMIsUOS9BedOrnI3uD","Área verde","Schinus molle","vivo",-66.01920336484909,"[]","jhWWlvbBJyE6roAZ7Uuv",0.28,"https://firebasestorage.googleapis.com/v0/b/arbu-c574d.appspot.com/o/imagenesArbolesPlantados%2FJPEG_20230512_154618_6068616669731929955.jpg?alt=media&token=769921a3-4cde-44a1-a12a-b2fd76ebbea2","2023-05-12 15:47:44","aplastado por tierra","2023-05-12T19:47:44.000Z"
"wm1107","Tipa",-17.42093429305701,"h9G2KaAhzoDd77ipgsGT","Área verde","Tipuana tipu (Benth.) Kuntze.","vivo",-66.01924058049917,"[]","1nhAjzFEvJ6RXe6TsWNP",0.2,"https://firebasestorage.googleapis.com/v0/b/arbu-c574d.appspot.com/o/imagenesArbolesPlantados%2FJPEG_20230512_154525_6225798581403463896.jpg?alt=media&token=c45fc6c4-d907-4c00-bab4-8b05ee4b549b","2023-05-12 15:47:59","por falta de agua. exceso de tierra tiende a morir","2023-05-12T19:47:59.000Z"
"wm1021","Guayaba",-17.420991554673215,"IqiB1axexVSUSeAStFDn","Corredor biológico urbano","Psidium guajava","vivo",-66.0192959010601,"[]","Ru37dAvoVegihQ6VSC4V",0.25,"https://firebasestorage.googleapis.com/v0/b/arbu-c574d.appspot.com/o/imagenesArbolesPlantados%2FJPEG_20230512_154837_7595866118457179146.jpg?alt=media&token=88128fbf-9819-417d-a8e2-63e20e8d3eb2","2023-05-12 15:50:41","Sano, vigoroso","2023-05-12T19:50:41.000Z"
"wm1109","Soto",-17.421007549534863,"VoPpriX0fghxGehxqeCm","Corredor biológico urbano","Schinopsis haenkeana Engl.","vivo",-66.01915508508681,"[]","EHNHJWtg5bLGUrWjiZQJ",0.28,"https://firebasestorage.googleapis.com/v0/b/arbu-c574d.appspot.com/o/imagenesArbolesPlantados%2FJPEG_20230512_154936_2093671833792445344.jpg?alt=media&token=6d0f5aa5-362c-4d13-9b1a-23d7df237dee","2023-05-12 15:50:48","aplastado por tierra","2023-05-12T19:50:48.000Z"
"wm1110","Molle",-17.42102866275011,"U91Jjv8HnUGddECbdt9R","Corredor biológico urbano","Schinus molle","vivo",-66.01910647004843,"[]","t7FZ0DespNhvV88ai7ES",0.7,"https://firebasestorage.googleapis.com/v0/b/arbu-c574d.appspot.com/o/imagenesArbolesPlantados%2FJPEG_20230512_155215_7160608744126362250.jpg?alt=media&token=93b6c58f-12d7-4a0c-974d-4666fed6e0a5","2023-05-12 15:52:31","Sano, vigoroso","2023-05-12T19:52:31.000Z"
"wm1022","Tara",-17.421004350562658,"5pGeLxuqhOsKWuGnkoLr","Corredor biológico urbano","Tara spinosa (Feuillée ex Molina) Britton & Rose","vivo",-66.0192720964551,"[]","DrWcEsA6VaPnFqKkfbfn",0.4,"https://firebasestorage.googleapis.com/v0/b/arbu-c574d.appspot.com/o/imagenesArbolesPlantados%2FJPEG_20230512_155106_5209414571055779778.jpg?alt=media&token=fb274d39-c9dc-43c8-829c-0f8432814ff4","2023-05-12 15:52:59","muerto por falta de agua ","2023-05-12T19:52:59.000Z"
"wm1111","Tara",-17.421046896888583,"2En2Y7MoFjZb2faaqngj","Corredor biológico urbano","Tara spinosa (Feuillée ex Molina) Britton & Rose","vivo",-66.01906288415194,"[]","oeqL0Pkr5cre41Moj8fg",0.73,"https://firebasestorage.googleapis.com/v0/b/arbu-c574d.appspot.com/o/imagenesArbolesPlantados%2FJPEG_20230512_155247_4996507192255736349.jpg?alt=media&token=1097f09c-ccd8-4d29-9918-8cece1ceb9bb","2023-05-12 15:53:28","Sano, vigoroso","2023-05-12T19:53:28.000Z"
"wm1112","Jacarandá",-17.421049456065763,"5f2I47bWakSmK0ZN6E4f","Corredor biológico urbano","Jacarandá mimosifolia D. Don","vivo",-66.01904109120369,"[]","PvqgxZZBDNv1hQQEuxl6",0.33,"https://firebasestorage.googleapis.com/v0/b/arbu-c574d.appspot.com/o/imagenesArbolesPlantados%2FJPEG_20230512_155354_4243358863129256131.jpg?alt=media&token=2d9c606e-87e5-4aeb-b398-7c4bae23bbcc","2023-05-12 15:54:36","Sano, vigoroso","2023-05-12T19:54:36.000Z"
"wm1123","Jacarandá",-17.42101234799309,"OyTgzXwBhR1aAQJd3mrb","Corredor biológico urbano","Jacarandá mimosifolia D. Don","vivo",-66.01925399154425,"[]","2ElxcCSg1cIpmkd0ZQQj",0.5,"https://firebasestorage.googleapis.com/v0/b/arbu-c574d.appspot.com/o/imagenesArbolesPlantados%2FJPEG_20230512_155350_627132407325655810.jpg?alt=media&token=962965a2-9351-456f-a747-2c7ade59a308","2023-05-12 15:55:03","Sano, vigoroso","2023-05-12T19:55:03.000Z"
"wm1113","Guayaba",-17.421061612156887,"GK260LiukqTTVUilgynD","Corredor biológico urbano","Psidium guajava","vivo",-66.019007563591,"[]","sLHkVxVLfGQJljmGzBd1",0.32,"https://firebasestorage.googleapis.com/v0/b/arbu-c574d.appspot.com/o/imagenesArbolesPlantados%2FJPEG_20230512_155527_4378189451424124649.jpg?alt=media&token=a9a649cd-71b0-4bc1-8b6b-972c3206aaa3","2023-05-12 15:56:21","Sano, vigoroso","2023-05-12T19:56:21.000Z"
"wm1124","Chacatea",-17.42102194490916,"Wn6Lb6SjrBMuji9UEEb0","Corredor biológico urbano","Dodonaea viscosa Jacq.","vivo",-66.01922381669283,"[]","UuTFQYerLg1XaQiUlDMx",0.38,"https://firebasestorage.googleapis.com/v0/b/arbu-c574d.appspot.com/o/imagenesArbolesPlantados%2FJPEG_20230512_155550_3882096724260079920.jpg?alt=media&token=63334350-e357-4458-b1fd-7e84a8c7c231","2023-05-12 15:56:48","Sano, vigoroso","2023-05-12T19:56:48.000Z"
"wm1125","Tipa",-17.42103921935682,"ZXB4tH9z6tW60bl6mOLB","Corredor biológico urbano","Tipuana tipu (Benth.) Kuntze.","vivo",-66.01918123662472,"[]","pfNZuozchCKKgicG3kTd",0.92,"https://firebasestorage.googleapis.com/v0/b/arbu-c574d.appspot.com/o/imagenesArbolesPlantados%2FJPEG_20230512_155705_7124810480478300778.jpg?alt=media&token=e66c3257-c2e1-4ac5-aa80-75a9031d7c46","2023-05-12 15:57:53","Sano, vigoroso","2023-05-12T19:57:53.000Z"
"1114","Guayaba",-17.421068649893485,"GfRGiZaXlHAGESBqGwD2","Corredor biológico urbano","Psidium guajava","vivo",-66.01898811757565,"[]","xxoQlp3XGBB416kA24ju",0.33,"https://firebasestorage.googleapis.com/v0/b/arbu-c574d.appspot.com/o/imagenesArbolesPlantados%2FJPEG_20230512_155803_4320616787619554384.jpg?alt=media&token=1a2454fd-f1c8-43d7-800d-24b4e64f48a6","2023-05-12 15:58:32","Sano, vigoroso","2023-05-12T19:58:32.000Z"
"wm1126","Algarrobo",-17.42105297493433,"mCRgOaZelVLjlbnkneed","Corredor biológico urbano","Prosopis alba Griseb.","vivo",-66.01914905011654,"[]","2jx9mB04EiXx8HruPzLw",0.5,"https://firebasestorage.googleapis.com/v0/b/arbu-c574d.appspot.com/o/imagenesArbolesPlantados%2FJPEG_20230512_155808_2713364710753096745.jpg?alt=media&token=7ba540e0-6868-497b-a905-af7d4a9d5db3","2023-05-12 15:59:27","Sano, vigoroso","2023-05-12T19:59:27.000Z"
"wm1115","Tara",-17.421083685057134,"1s2AcuDbW6mR3rtocRAy","Corredor biológico urbano","Tara spinosa (Feuillée ex Molina) Britton & Rose","vivo",-66.01895358413458,"[]","pnO9aM6Ul8aRm0zqINnW",0.68,"https://firebasestorage.googleapis.com/v0/b/arbu-c574d.appspot.com/o/imagenesArbolesPlantados%2FJPEG_20230512_155919_110423593637197373.jpg?alt=media&token=e5be31af-da18-4d01-b0c0-f98a3c0a05b4","2023-05-12 16:00:25","Sano, vigoroso","2023-05-12T20:00:25.000Z"
"wm1127","Jacarandá",-17.4210782468066,"W8OOXXkfgcCjlbF83u6K","Corredor biológico urbano","Jacarandá mimosifolia D. Don","vivo",-66.0190786421299,"[]","dAns7KhFZNXn9l1tKhOy",0.43,"https://firebasestorage.googleapis.com/v0/b/arbu-c574d.appspot.com/o/imagenesArbolesPlantados%2FJPEG_20230512_155952_6660497498418197409.jpg?alt=media&token=a8c25ccf-4156-4e27-8079-1a963f172006","2023-05-12 16:00:56","Sano, vigoroso","2023-05-12T20:00:56.000Z"
"wm1116","Tajibo rosado",-17.421097120734235,"vsi8f7vZizi7b1covRyl","Corredor biológico urbano","Handroanthus (Tabebuia) impetiginosus (Mart. ex DC.) Mattos.","vivo",-66.01892240345477,"[]","Z8tQRhc6qbLEBQudQVQI",0.35,"https://firebasestorage.googleapis.com/v0/b/arbu-c574d.appspot.com/o/imagenesArbolesPlantados%2FJPEG_20230512_160044_7816531896861868478.jpg?alt=media&token=65fcdaea-e10d-4ef1-a7aa-608b6fc2aa1e","2023-05-12 16:01:26","Sano, vigoroso","2023-05-12T20:01:26.000Z"
"wm1128","Soto",-17.42109072279288,"KKtEj8NRBz7794udmJve","Corredor biológico urbano","Schinopsis haenkeana Engl.","vivo",-66.01904042065144,"[]","D9muDKSn1r6HJW7CbYQb",0.25,"https://firebasestorage.googleapis.com/v0/b/arbu-c574d.appspot.com/o/imagenesArbolesPlantados%2FJPEG_20230512_160127_6128752496169068042.jpg?alt=media&token=73df5e0e-c8fd-4702-98cf-30447731b846","2023-05-12 16:02:18","Sano, vigoroso","2023-05-12T20:02:18.000Z"
"wm1117","Algarrobo",-17.42110223908716,"QQPL1egBfBT7HvfZnEyK","Corredor biológico urbano","Prosopis alba Griseb.","vivo",-66.01889725774525,"[]","kFoW91FyU8hje1V3dhs5",0.34,"https://firebasestorage.googleapis.com/v0/b/arbu-c574d.appspot.com/o/imagenesArbolesPlantados%2FJPEG_20230512_160210_4084163020351186974.jpg?alt=media&token=e9b8b8a7-e98d-40fa-8d78-0f540d5c489f","2023-05-12 16:03:04","Sano, vigoroso","2023-05-12T20:03:04.000Z"
"wm1118","Jacarandá",-17.421112155895543,"OEaZft98oIHhbUZnc4eQ","Corredor biológico urbano","Jacarandá mimosifolia D. Don","vivo",-66.01888049393892,"[]","6BAgUNDLkEcA3AqrVzlb",0.52,"https://firebasestorage.googleapis.com/v0/b/arbu-c574d.appspot.com/o/imagenesArbolesPlantados%2FJPEG_20230512_160319_1633569213234810718.jpg?alt=media&token=875fb8ba-62b5-424b-ae54-71767b5ceb52","2023-05-12 16:03:58","Sano, vigoroso","2023-05-12T20:03:58.000Z"
"wm1129","Chacatea",-17.421104798263578,"LWp8HJH5MNJzOKRgTm1s","Corredor biológico urbano","Dodonaea viscosa Jacq.","vivo",-66.01899448782206,"[]","WLTX860VJuol5AW8is5W",0.27,"https://firebasestorage.googleapis.com/v0/b/arbu-c574d.appspot.com/o/imagenesArbolesPlantados%2FJPEG_20230512_160323_23824584326524125.jpg?alt=media&token=c759bf9b-50b1-4e04-9d00-3f4b59144a43","2023-05-12 16:04:12","Sano, vigoroso","2023-05-12T20:04:12.000Z"
"wm1119","Guayaba",-17.421125591570554,"moZ3aeV1fARN4lVwwAAl","Corredor biológico urbano","Psidium guajava","vivo",-66.0188526660204,"[]","Ze0FoZBY73wie6porisC",0.38,"https://firebasestorage.googleapis.com/v0/b/arbu-c574d.appspot.com/o/imagenesArbolesPlantados%2FJPEG_20230512_160409_711729540449542005.jpg?alt=media&token=2951afe5-5690-431d-a77b-d35e055ac87c","2023-05-12 16:05:03","Sano, vigoroso","2023-05-12T20:05:03.000Z"
"wm1120","Tipa",-17.421136468068642,"KuYE24bIQCxqM3JjY2Ua","Corredor biológico urbano","Tipuana tipu (Benth.) Kuntze.","vivo",-66.01882115006447,"[]","7ZlcCgKy1ohmEBQzix0N",1.02,"https://firebasestorage.googleapis.com/v0/b/arbu-c574d.appspot.com/o/imagenesArbolesPlantados%2FJPEG_20230512_160525_6630993500941446603.jpg?alt=media&token=1431e272-14db-4719-90c1-bd7aca48fa04","2023-05-12 16:06:13","Sano, vigoroso","2023-05-12T20:06:13.000Z"
"wm1130","Tipa",-17.421115034968842,"TSGasrGno1REzE6Rbeui","Corredor biológico urbano","Tipuana tipu (Benth.) Kuntze.","vivo",-66.01896431297064,"[]","1DObrKp5jrTSrLAzssHj",1.12,"https://firebasestorage.googleapis.com/v0/b/arbu-c574d.appspot.com/o/imagenesArbolesPlantados%2FJPEG_20230512_160556_2559266376386302530.jpg?alt=media&token=591b509c-bcc2-4f28-9793-3bfc1d79cfb2","2023-05-12 16:06:57","Sano, vigoroso","2023-05-12T20:06:57.000Z"
"1138","Tara",-17.421147344566084,"oDSWWX4fz4NWTVkKbzDo","Corredor biológico urbano","Tara spinosa (Feuillée ex Molina) Britton & Rose","vivo",-66.01879432797432,"[]","H5LlJbU8FjjTuY8yYQrt",0.72,"https://firebasestorage.googleapis.com/v0/b/arbu-c574d.appspot.com/o/imagenesArbolesPlantados%2FJPEG_20230512_160643_793217257135855694.jpg?alt=media&token=4be6bcfd-fa86-4a79-8148-80b9ee22d412","2023-05-12 16:07:51","Sano, vigoroso","2023-05-12T20:07:51.000Z"
"wm1131","Tajibo amarillo",-17.421129110437658,"O5yhxR154zsvPI11AMEq","Corredor biológico urbano","Handroanthus serratifolius","vivo",-66.01892475038767,"[]","P7wewMK49SOEszPoyKfu",0.5,"https://firebasestorage.googleapis.com/v0/b/arbu-c574d.appspot.com/o/imagenesArbolesPlantados%2FJPEG_20230512_160743_1129886337467988255.jpg?alt=media&token=10ea3cd9-0891-4f5c-a7b0-6d451772dd0e","2023-05-12 16:08:50","ramas secas ","2023-05-12T20:08:50.000Z"
"wm1139","Jacarandá",-17.421167178177402,"nSVQT1MG9CGrqSdB6o65","Corredor biológico urbano","Jacarandá mimosifolia D. Don","vivo",-66.01875141263008,"[]","fiTGj7qeMSsmfvYF1YG8",0.53,"https://firebasestorage.googleapis.com/v0/b/arbu-c574d.appspot.com/o/imagenesArbolesPlantados%2FJPEG_20230512_160824_6335795788478715907.jpg?alt=media&token=9ec468ac-5395-4020-9cc2-83290d439e01","2023-05-12 16:09:04","Sano, vigoroso","2023-05-12T20:09:04.000Z"
"wm1132","Jacarandá",-17.42114158642046,"7OMGESpd9suhjhjoByYz","Corredor biológico urbano","Jacarandá mimosifolia D. Don","vivo",-66.01888552308083,"[]","6qTdFMkFLvTRRzfCKhQv",0.55,"https://firebasestorage.googleapis.com/v0/b/arbu-c574d.appspot.com/o/imagenesArbolesPlantados%2FJPEG_20230512_160902_4284799265588615730.jpg?alt=media&token=416e344f-ddb0-4a3e-91d4-493db0a5af8f","2023-05-12 16:10:04","por falta de agua ","2023-05-12T20:10:04.000Z"
"wm1139","Soto",-17.42118733168348,"rdh50m5T5oORgoG0t6GH","Corredor biológico urbano","Schinopsis haenkeana Engl.","vivo",-66.01871151477098,"[]","g8mQUTpLP4ryatC349H3",0.23,"https://firebasestorage.googleapis.com/v0/b/arbu-c574d.appspot.com/o/imagenesArbolesPlantados%2FJPEG_20230512_160923_2384845908707231595.jpg?alt=media&token=6ba94e0a-3502-4baf-adbc-b91616941a76","2023-05-12 16:10:17","seco","2023-05-12T20:10:17.000Z"
"wm1133","Chacatea",-17.42117421590994,"mAkYPPbmNwuIR9CuY76h","Corredor biológico urbano","Dodonaea viscosa Jacq.","vivo",-66.01880170404911,"[]","HpYXba9LP1Z5iDhspLcI",0.75,"https://firebasestorage.googleapis.com/v0/b/arbu-c574d.appspot.com/o/imagenesArbolesPlantados%2FJPEG_20230512_161056_1617990966362197768.jpg?alt=media&token=be105787-3d0b-41de-931c-c017624d4985","2023-05-12 16:11:33","Sano, vigoroso","2023-05-12T20:11:33.000Z"
"wm1140","Lloque",-17.42119436941523,"YNVdEq6MNQnnZy0t6BMP","Corredor biológico urbano","Kageneckia lanceolata Ruiz & Pav.","vivo",-66.01869340986013,"[]","Kzox062q2VSnOY0uKcn0",0.22,"https://firebasestorage.googleapis.com/v0/b/arbu-c574d.appspot.com/o/imagenesArbolesPlantados%2FJPEG_20230512_161135_962920865205400165.jpg?alt=media&token=03bc1f49-4d6f-4f33-9213-90f5aa5a8120","2023-05-12 16:12:17","Sano, vigoroso","2023-05-12T20:12:17.000Z"
"wm1134","Soto",-17.42118349292059,"rWIWtxzYpM2pc9yzrknA","Corredor biológico urbano","Schinopsis haenkeana Engl.","vivo",-66.01878829300404,"[]","W7qwPGqPcyRhCvCHAlfJ",0.25,"https://firebasestorage.googleapis.com/v0/b/arbu-c574d.appspot.com/o/imagenesArbolesPlantados%2FJPEG_20230512_161206_3583246958564938392.jpg?alt=media&token=957a428e-30ef-4968-a0cb-dd03b2d4ce44","2023-05-12 16:13:05","Sano, vigoroso","2023-05-12T20:13:05.000Z"
"wm1136","Jacarandá",-17.421211963743428,"KALcDwnK4X792BejujV0","Corredor biológico urbano","Jacarandá mimosifolia D. Don","vivo",-66.01872090250254,"[]","tqhe47qxncpY4BnOY41b",0.52,"https://firebasestorage.googleapis.com/v0/b/arbu-c574d.appspot.com/o/imagenesArbolesPlantados%2FJPEG_20230512_161337_5616578009928820099.jpg?alt=media&token=1ad40054-728e-4612-bd86-29f9a985ffad","2023-05-12 16:14:19","seco","2023-05-12T20:14:19.000Z"
"wm1135","Jacarandá",-17.421190210755597,"JSjMdms4QkDyzRqtOClJ","Acera","Jacarandá mimosifolia D. Don","vivo",-66.01876549422741,"[]","v4sfCaZzxOMelFX699ON",0.44,"https://firebasestorage.googleapis.com/v0/b/arbu-c574d.appspot.com/o/imagenesArbolesPlantados%2FJPEG_20230512_161328_6629569756600954169.jpg?alt=media&token=beb1d649-210e-45f2-b03f-804f5ded0ab4","2023-05-12 16:14:23","Sano, vigoroso","2023-05-12T20:14:23.000Z"
"wm1137","Lloque",-17.421220281061622,"PRw2SZxBjEtso12U5MX1","Corredor biológico urbano","Kageneckia lanceolata Ruiz & Pav.","vivo",-66.01870648562908,"[]","idKND6BmrWHkFAlvd2SN",0.42,"https://firebasestorage.googleapis.com/v0/b/arbu-c574d.appspot.com/o/imagenesArbolesPlantados%2FJPEG_20230512_161545_3149012111710205674.jpg?alt=media&token=49786bf1-8245-4715-aba6-1439cb034629","2023-05-12 16:16:58","Sano, vigoroso","2023-05-12T20:16:58.000Z"
"wm1161","Limon",-17.420353358550017,"sulJPRc6hxv4wEpCtS6v","Corredor biológico urbano","Citrus x limon","vivo",-66.0209695994854,"[]","zLgaNn92sTJO2BEsTmXh",0.51,"https://firebasestorage.googleapis.com/v0/b/arbu-c574d.appspot.com/o/imagenesArbolesPlantados%2FJPEG_20230514_100206_3075372649487853435.jpg?alt=media&token=eeae71d0-7d33-4a9b-adc0-c20694339a99","2023-05-14 10:04:17","Sano, vigoroso","2023-05-14T14:04:17.000Z"
"wm1141","Tara",-17.420300255413682,"sXz6QIvUsbowJ1KMzwVg","Corredor biológico urbano","Tara spinosa (Feuillée ex Molina) Britton & Rose","vivo",-66.02090254426003,"[]","SrRlhB7lgzSFRkaIvUif",0.36,"https://firebasestorage.googleapis.com/v0/b/arbu-c574d.appspot.com/o/imagenesArbolesPlantados%2FJPEG_20230514_100306_3090773100732728891.jpg?alt=media&token=9a01e231-234e-44fa-a31e-d3a7a5a1c1f0","2023-05-14 10:04:31","Sano, vigoroso","2023-05-14T14:04:31.000Z"
"wm1142","Soto",-17.420308252874957,"LJyEeRb63d35FqtUFS0Z","Corredor biológico urbano","Schinopsis haenkeana Engl.","vivo",-66.02095652371645,"[]","DSDwrjUfU1lwFUSk2A8M",0.25,"https://firebasestorage.googleapis.com/v0/b/arbu-c574d.appspot.com/o/imagenesArbolesPlantados%2FJPEG_20230514_100504_4050922710782987640.jpg?alt=media&token=1157c57e-7e41-41f9-b3bd-4c6906c0b020","2023-05-14 10:06:03","Sano, vigoroso","2023-05-14T14:06:03.000Z"
"wm1143","Tara",-17.420297696226005,"1u5GTXVnfByhtg53A9Cr","Corredor biológico urbano","Tara spinosa (Feuillée ex Molina) Britton & Rose","vivo",-66.02098602801561,"[]","13SlLWJkVkJ3uBgQt3lm",0.67,"https://firebasestorage.googleapis.com/v0/b/arbu-c574d.appspot.com/o/imagenesArbolesPlantados%2FJPEG_20230514_100621_2626861891985573469.jpg?alt=media&token=b1fdf7bc-1ceb-4ffd-acd4-b7e98bf69450","2023-05-14 10:07:23","Sano, vigoroso","2023-05-14T14:07:23.000Z"
"wm1162","Algarrobo",-17.42033832332623,"L7E8B2ltEsCsOQLz6Kia","Corredor biológico urbano","Prosopis alba Griseb.","vivo",-66.0210071504116,"[]","s1NE3oZiFctfMO28D4iN",0.68,"https://firebasestorage.googleapis.com/v0/b/arbu-c574d.appspot.com/o/imagenesArbolesPlantados%2FJPEG_20230514_100529_4195289167920145617.jpg?alt=media&token=36c37c98-5893-4a12-8cbd-b79cfc785a35","2023-05-14 10:08:48","Sano, vigoroso","2023-05-14T14:08:48.000Z"
"wm1144","Molle",-17.420283620693095,"5bmcVSYArJRL6Tx1cMGH","Corredor biológico urbano","Schinus molle","vivo",-66.02100379765034,"[]","lIuHXkxoimB5uLE83mg8",0.35,"https://firebasestorage.googleapis.com/v0/b/arbu-c574d.appspot.com/o/imagenesArbolesPlantados%2FJPEG_20230514_100817_5695361831282883668.jpg?alt=media&token=efb087c5-efe4-4e08-8911-e52a1a169d53","2023-05-14 10:09:24","Sano, vigoroso","2023-05-14T14:09:24.000Z"
"wm1145","Algarrobo",-17.420271144651664,"VgS9JppMVLR1QE4QoXMw","Corredor biológico urbano","Prosopis alba Griseb.","vivo",-66.02101553231478,"[]","zwBqMI1O40JvChfaTQgz",0.63,"https://firebasestorage.googleapis.com/v0/b/arbu-c574d.appspot.com/o/imagenesArbolesPlantados%2FJPEG_20230514_101010_5410445315013909403.jpg?alt=media&token=ba406283-f82c-4ec1-a155-b8c1f00f9825","2023-05-14 10:10:34","Sano, vigoroso","2023-05-14T14:10:34.000Z"
"wm1163","Tara",-17.42030729317963,"nXjb0kXaOzVsIYET0C1e","Corredor biológico urbano","Tara spinosa (Feuillée ex Molina) Britton & Rose","vivo",-66.02104168385267,"[]","JUnaWFkEHWAq0AnCfpGB",0.6,"https://firebasestorage.googleapis.com/v0/b/arbu-c574d.appspot.com/o/imagenesArbolesPlantados%2FJPEG_20230514_100940_3517709526855169486.jpg?alt=media&token=adc3c867-ee71-4360-8be0-c504c73468fc","2023-05-14 10:12:04","Sano, vigoroso","2023-05-14T14:12:04.000Z"
"wm1146","Tara",-17.420258028812327,"s0AUMhgjJehUhoECEjgw","Corredor biológico urbano","Tara spinosa (Feuillée ex Molina) Britton & Rose","vivo",-66.021031960845,"[]","3QztI3afjksNyZv2RjAv",0.71,"https://firebasestorage.googleapis.com/v0/b/arbu-c574d.appspot.com/o/imagenesArbolesPlantados%2FJPEG_20230514_101106_7073520032813958514.jpg?alt=media&token=97a7d3f5-eaed-4f6c-94ef-c2e5a19c2e66","2023-05-14 10:12:12","Sano, vigoroso","2023-05-14T14:12:12.000Z"
"wm1163","Lloque",-17.420269545159112,"qOHYdnHFPfNGJS7i285R","Corredor biológico urbano","Kageneckia lanceolata Ruiz & Pav.","vivo",-66.02107789367437,"[]","4CqWiRVMuuQMmD6OMVQU",0.46,"https://firebasestorage.googleapis.com/v0/b/arbu-c574d.appspot.com/o/imagenesArbolesPlantados%2FJPEG_20230514_101417_7895287063689507901.jpg?alt=media&token=d2002c9a-47d4-4d0a-b33d-bf8efb3f21e4","2023-05-14 10:14:30","Sano, vigoroso","2023-05-14T14:14:30.000Z"
"wm1147","Molle",-17.420243633377815,"ei4z90CwdxRz602zWsS2","Corredor biológico urbano","Schinus molle","vivo",-66.02105174213648,"[]","guxEcDC0BNujvOuaRspj",0.25,"https://firebasestorage.googleapis.com/v0/b/arbu-c574d.appspot.com/o/imagenesArbolesPlantados%2FJPEG_20230514_101835_7135851121973830509.jpg?alt=media&token=d5590085-acce-4f7b-a1c1-968eab06fccf","2023-05-14 10:19:21","Sano, vigoroso","2023-05-14T14:19:21.000Z"
"wm1165","Lloque",-17.420219321085835,"1WuzyEnOqOmFDdBXFSPl","Corredor biológico urbano","Kageneckia lanceolata Ruiz & Pav.","vivo",-66.02111913263798,"[]","kRsmmkb9JFxAO7jsHqpT",0.5,"https://firebasestorage.googleapis.com/v0/b/arbu-c574d.appspot.com/o/imagenesArbolesPlantados%2FJPEG_20230514_101844_3521596915523401977.jpg?alt=media&token=117f3f2c-13ae-4a09-935c-9d0f44752650","2023-05-14 10:20:30","Sano, vigoroso","2023-05-14T14:20:30.000Z"
"wm1148","Tara",-17.42022379966618,"FPgZgRCFUBebduy9JOxW","Corredor biológico urbano","Tara spinosa (Feuillée ex Molina) Britton & Rose","vivo",-66.02107219398022,"[]","GlOms7LzDX7A1ZEWZrib",0.44,"https://firebasestorage.googleapis.com/v0/b/arbu-c574d.appspot.com/o/imagenesArbolesPlantados%2FJPEG_20230514_102019_1200932255962650541.jpg?alt=media&token=4b14cb03-caeb-47ee-bf95-a266494fa3ec","2023-05-14 10:21:19","Sano, vigoroso","2023-05-14T14:21:19.000Z"
"wm1149","Tipa",-17.420201406763358,"13c7gsWRdBeWRrLGvzzm","Corredor biológico urbano","Tipuana tipu (Benth.) Kuntze.","vivo",-66.02110471576452,"[]","zmwUDkQNFoG12Vzw3OGx",0.81,"https://firebasestorage.googleapis.com/v0/b/arbu-c574d.appspot.com/o/imagenesArbolesPlantados%2FJPEG_20230514_102143_5084052082410356255.jpg?alt=media&token=1a06c7d1-c7ee-4e20-b420-061b5160c6c4","2023-05-14 10:22:24","Sano, vigoroso","2023-05-14T14:22:24.000Z"
"wm1150","Jacarandá",-17.420133268342166,"P7UDa2NukJZNvk3ULd6i","Corredor biológico urbano","Jacarandá mimosifolia D. Don","vivo",-66.02114763110876,"[]","j98lrpBu2rSx1bCNtfuU",0.37,"https://firebasestorage.googleapis.com/v0/b/arbu-c574d.appspot.com/o/imagenesArbolesPlantados%2FJPEG_20230514_102218_3118160069707542082.jpg?alt=media&token=6333bfb8-64f5-4720-b138-b8d404e93600","2023-05-14 10:23:16","Sano, vigoroso","2023-05-14T14:23:16.000Z"
"1151","Soto",-17.42006321050232,"dhPSpX0aqD5KlB5ectJR","Corredor biológico urbano","Schinopsis haenkeana Engl.","vivo",-66.02116204798222,"[]","jFWAZmRxJ9DE3aQj0kGr",0.34,"https://firebasestorage.googleapis.com/v0/b/arbu-c574d.appspot.com/o/imagenesArbolesPlantados%2FJPEG_20230514_102406_2570871390609475448.jpg?alt=media&token=18ad2fa4-35cc-4588-9651-20a74288e4d7","2023-05-14 10:24:38","Sano, vigoroso","2023-05-14T14:24:38.000Z"
"wm1152","Lloque",-17.420025142532406,"jNjDPKdMwlGUVRWr9Kmb","Corredor biológico urbano","Kageneckia lanceolata Ruiz & Pav.","vivo",-66.02118987590075,"[]","AqnlCKBtKBFNXOKHR7iv",0.52,"https://firebasestorage.googleapis.com/v0/b/arbu-c574d.appspot.com/o/imagenesArbolesPlantados%2FJPEG_20230514_102455_4675362605982487072.jpg?alt=media&token=fb1e1c81-7407-4846-92ef-344035833c06","2023-05-14 10:25:48","Sano, vigoroso","2023-05-14T14:25:48.000Z"
"wm1153","Chacatea",-17.419956364247327,"9gjfqcbqwN0DSV0OT8YY","Corredor biológico urbano","Dodonaea viscosa Jacq.","vivo",-66.02114696055651,"[]","H0M3CQdtmxL31uzVAvqG",0.59,"https://firebasestorage.googleapis.com/v0/b/arbu-c574d.appspot.com/o/imagenesArbolesPlantados%2FJPEG_20230514_102509_254716594087214485.jpg?alt=media&token=c7f48ce9-4990-4cdf-b262-a4918bfc8c65","2023-05-14 10:26:00","Sano, vigoroso","2023-05-14T14:26:00.000Z"
"wm1154","Chacatea",-17.419995711827543,"tiB9s0e1r1BtUy0wjbue","Corredor biológico urbano","Dodonaea viscosa Jacq.","vivo",-66.02119389921427,"[]","EkTUo2riBbK25Lgawt3P",0.7,"https://firebasestorage.googleapis.com/v0/b/arbu-c574d.appspot.com/o/imagenesArbolesPlantados%2FJPEG_20230514_102814_6788487052045504320.jpg?alt=media&token=9c342193-30aa-4d08-9e5f-fb3cbe8f8e16","2023-05-14 10:29:53","Sano, vigoroso","2023-05-14T14:29:53.000Z"
"wm1153","Jacarandá",-17.419859114907005,"66LZD9so4NqFTXKMey6k","Corredor biológico urbano","Jacarandá mimosifolia D. Don","vivo",-66.0212069749832,"[]","yEpCui7MiHg9DcrLnENT",0.45,"https://firebasestorage.googleapis.com/v0/b/arbu-c574d.appspot.com/o/imagenesArbolesPlantados%2FJPEG_20230514_103052_405901133667192838.jpg?alt=media&token=f50ea832-34a7-4b6f-bd33-0644b6a352ac","2023-05-14 10:31:40","Sano, vigoroso","2023-05-14T14:31:40.000Z"
"wm1157","Tara",-17.419813049411935,"dj2P2sdN2lyQJMIDHKxD","Corredor biológico urbano","Tara spinosa (Feuillée ex Molina) Britton & Rose","vivo",-66.02126196026802,"[]","lPY5tTDxPZw1O5sJOQ9V",0.63,"https://firebasestorage.googleapis.com/v0/b/arbu-c574d.appspot.com/o/imagenesArbolesPlantados%2FJPEG_20230514_103314_2970546111677689160.jpg?alt=media&token=f0bb85fe-fa16-422a-930c-e6ed9e595e8a","2023-05-14 10:33:56","Sano, vigoroso","2023-05-14T14:33:56.000Z"
"wm1156","Algarrobo",-17.4198325632689,"TEj2E5n1F5RTcW11pjti","Corredor biológico urbano","Prosopis alba Griseb.","vivo",-66.02122910320759,"[]","U91Hgx4OhPmxRfyYfvPw",0.57,"https://firebasestorage.googleapis.com/v0/b/arbu-c574d.appspot.com/o/imagenesArbolesPlantados%2FJPEG_20230514_103323_3185495253048058382.jpg?alt=media&token=4ca923e8-7c17-4ea6-ae6e-dcd25d371326","2023-05-14 10:34:27","Sano, vigoroso","2023-05-14T14:34:27.000Z"
"wm1158","Chacatea",-17.419756747124406,"OpzdeZM7uTAAd3RunSKG","Corredor biológico urbano","Dodonaea viscosa Jacq.","vivo",-66.02130655199288,"[]","rIjO9rVf1Iyv1ZOUGkmZ",0.83,"https://firebasestorage.googleapis.com/v0/b/arbu-c574d.appspot.com/o/imagenesArbolesPlantados%2FJPEG_20230514_103417_6771885793935725873.jpg?alt=media&token=2b927b8c-1cfe-40d9-8529-107cc037ebca","2023-05-14 10:35:05","Sano, vigoroso","2023-05-14T14:35:05.000Z"
"1159","Chacatea",-17.41971260100044,"L7BmjAUuXacrOxrpufmo","Corredor biológico urbano","Dodonaea viscosa Jacq.","vivo",-66.02133605629206,"[]","pfZVyACI8lGjyK6zGWXe",0.67,"https://firebasestorage.googleapis.com/v0/b/arbu-c574d.appspot.com/o/imagenesArbolesPlantados%2FJPEG_20230514_103555_6846162968832157138.jpg?alt=media&token=345a1efd-ff6d-40ce-b2ce-64a479809ed7","2023-05-14 10:36:35","Sano, vigoroso","2023-05-14T14:36:35.000Z"
"wm1166","Tara",-17.419627827616548,"fz9HqDtK63LEb1xCRSuK","Corredor biológico urbano","Tara spinosa (Feuillée ex Molina) Britton & Rose","vivo",-66.02134108543396,"[]","fe4z7oS2WuYvCCxpeRk0",0.28,"https://firebasestorage.googleapis.com/v0/b/arbu-c574d.appspot.com/o/imagenesArbolesPlantados%2FJPEG_20230514_103716_6241132015712722140.jpg?alt=media&token=30dbceb7-7d99-419f-b4e9-9849e6343364","2023-05-14 10:38:58","aplastado por escombro","2023-05-14T14:38:58.000Z"
"wm1160","Molle",-17.41965309968605,"UqQTFgaQa8u34lTFxr8B","Corredor biológico urbano","Schinus molle","vivo",-66.02134946733713,"[]","Mrkk5uvgw4lZtloe4HMa",26,"https://firebasestorage.googleapis.com/v0/b/arbu-c574d.appspot.com/o/imagenesArbolesPlantados%2FJPEG_20230514_103910_6645047568978119955.jpg?alt=media&token=e51cb49e-6849-4b25-8e40-75209fa63c2c","2023-05-14 10:39:38","Sano, vigoroso","2023-05-14T14:39:38.000Z"
"wm1167","Chacatea",-17.419140299920258,"C9BOlGjq3uGztSZoQ3Za","Corredor biológico urbano","Dodonaea viscosa Jacq.","vivo",-66.02194894105196,"[]","ADRt7a6DPa4qaOm5TVs4",0.58,"https://firebasestorage.googleapis.com/v0/b/arbu-c574d.appspot.com/o/imagenesArbolesPlantados%2FJPEG_20230514_105018_8128429239339666191.jpg?alt=media&token=2e00bf2c-6e7e-4319-b10c-6c3b4cacb838","2023-05-14 10:51:10","Sano, vigoroso","2023-05-14T14:51:10.000Z"
"wm1181","Tara",-17.41919244369272,"GfGYUiIWuKgcShJeTiiM","Corredor biológico urbano","Tara spinosa (Feuillée ex Molina) Britton & Rose","vivo",-66.02197643369436,"[]","SEHIOP9CizHkNFXQOuij",0.67,"https://firebasestorage.googleapis.com/v0/b/arbu-c574d.appspot.com/o/imagenesArbolesPlantados%2FJPEG_20230514_105008_5347648095324277602.jpg?alt=media&token=fbd64fcc-d299-4a7a-8dd1-66564e76cf5f","2023-05-14 10:51:49","Sano, vigoroso","2023-05-14T14:51:49.000Z"
"wm1182","Chacatea",-17.419161733251844,"oivk5nuduThKhNTc4OTg","Corredor biológico urbano","Dodonaea viscosa Jacq.","vivo",-66.02202370762825,"[]","UjtvWXt2Dll52XKN12BB",0.67,"https://firebasestorage.googleapis.com/v0/b/arbu-c574d.appspot.com/o/imagenesArbolesPlantados%2FJPEG_20230514_105253_8450498243262231677.jpg?alt=media&token=83f0af0d-58f8-4b48-88f2-1f8e0bd4aa07","2023-05-14 10:53:39","Sano, vigoroso","2023-05-14T14:53:39.000Z"
"1169","Jacarandá",-17.419127823800718,"pjQpjc9qBueUqG8LD75q","Corredor biológico urbano","Jacarandá mimosifolia D. Don","vivo",-66.02200359106064,"[]","cufpuEa8cA8jAL2YNMOb",0.28,"https://firebasestorage.googleapis.com/v0/b/arbu-c574d.appspot.com/o/imagenesArbolesPlantados%2FJPEG_20230514_105253_9006601942597093825.jpg?alt=media&token=8bbd69cd-c5db-4029-aad7-326d8783f8d7","2023-05-14 10:53:46","seco falta de agua","2023-05-14T14:53:46.000Z"
"wm1183","Soto",-17.419140939721235,"DM8gDtzzZWQdchepBf0L","Corredor biológico urbano","Schinopsis haenkeana Engl.","vivo",-66.02206528186798,"[]","GmSyKSVK83EId3LWVImW",0.37,"https://firebasestorage.googleapis.com/v0/b/arbu-c574d.appspot.com/o/imagenesArbolesPlantados%2FJPEG_20230514_105405_5671509264785090472.jpg?alt=media&token=adefa0a1-85e2-46bb-ad09-ffabff420b77","2023-05-14 10:54:36","Sano, vigoroso","2023-05-14T14:54:36.000Z"
"wm1170","Chacatea",-17.419097753150112,"FPn0SVhijqipcGpXGVQx","Corredor biológico urbano","Dodonaea viscosa Jacq.","vivo",-66.0220518708229,"[]","UlN6eUBYwu44tKC9ENTx",0.6,"https://firebasestorage.googleapis.com/v0/b/arbu-c574d.appspot.com/o/imagenesArbolesPlantados%2FJPEG_20230514_105523_8834621666935259103.jpg?alt=media&token=ce7278e8-842b-4a0f-88c8-f54058074e29","2023-05-14 10:55:55","Sano, vigoroso","2023-05-14T14:55:55.000Z"
"wm1184","Lloque",-17.419137420815826,"q9dTOmHfNIbwslAx2dNs","Corredor biológico urbano","Kageneckia lanceolata Ruiz & Pav.","vivo",-66.02208472788334,"[]","shk3UHbVc2QlsglykPVT",0.52,"https://firebasestorage.googleapis.com/v0/b/arbu-c574d.appspot.com/o/imagenesArbolesPlantados%2FJPEG_20230514_105505_4666552068785266897.jpg?alt=media&token=e6dab2d6-566b-43f5-a6d8-5ff21713d988","2023-05-14 10:55:57","Sano, vigoroso","2023-05-14T14:55:57.000Z"
"wm1168","Soto",-17.419090395436964,"JVwz80aeRaMXrziEEwse","Corredor biológico urbano","Schinopsis haenkeana Engl.","vivo",-66.02208372205496,"[]","zmylJHxuHn9cXjw7mMGH",0.21,"https://firebasestorage.googleapis.com/v0/b/arbu-c574d.appspot.com/o/imagenesArbolesPlantados%2FJPEG_20230514_105653_5184147475246470648.jpg?alt=media&token=2144e5ac-88d2-42c6-8203-3c445f80ef32","2023-05-14 10:57:49","Sano, vigoroso","2023-05-14T14:57:49.000Z"
"wm1185","Tara",-17.419134861611838,"Q31L24HwPMEPpKGwRLBu","Corredor biológico urbano","Tara spinosa (Feuillée ex Molina) Britton & Rose","vivo",-66.02212261408567,"[]","w28TTSZf74dTHqC6CDA9",0.39,"https://firebasestorage.googleapis.com/v0/b/arbu-c574d.appspot.com/o/imagenesArbolesPlantados%2FJPEG_20230514_105738_3959530813895708798.jpg?alt=media&token=70497740-35c6-4f6c-9ae0-31bf313ed8e7","2023-05-14 10:57:52","Sano, vigoroso","2023-05-14T14:57:52.000Z"
"wm1186","Jacarandá",-17.419142539223675,"DFriJFaobC2jm6SUxy0J","Corredor biológico urbano","Jacarandá mimosifolia D. Don","vivo",-66.02219704538584,"[]","57swMuWHtC2LmbYWhBes",0.28,"https://firebasestorage.googleapis.com/v0/b/arbu-c574d.appspot.com/o/imagenesArbolesPlantados%2FJPEG_20230514_105902_8898481735058676207.jpg?alt=media&token=0e3af0cb-0578-4fc7-b368-53b12befaab4","2023-05-14 10:59:52","exceso de agua ","2023-05-14T14:59:52.000Z"
"wm1171","Chacatea",-17.419053606866836,"fWxzaFcxTNjhFUzYXmTN","Corredor biológico urbano","Dodonaea viscosa Jacq.","vivo",-66.02216452360153,"[]","nYCysPGXiyS0rwGpIA4a",0.43,"https://firebasestorage.googleapis.com/v0/b/arbu-c574d.appspot.com/o/imagenesArbolesPlantados%2FJPEG_20230514_105925_624840657785891041.jpg?alt=media&token=f8934036-09c3-4157-b8c5-b630bf3eb4bc","2023-05-14 11:00:28","Sano, vigoroso","2023-05-14T15:00:28.000Z"
"wm1187","Tara",-17.41913966011928,"3RCMUIFNFhem7bdJaeaJ","Corredor biológico urbano","Tara spinosa (Feuillée ex Molina) Britton & Rose","vivo",-66.02224465459585,"[]","MZAkTM9ZXyjTHUlM1QBE",0.68,"https://firebasestorage.googleapis.com/v0/b/arbu-c574d.appspot.com/o/imagenesArbolesPlantados%2FJPEG_20230514_110012_9033548220789664137.jpg?alt=media&token=8e50ecb1-2d62-46f1-a6db-35ffad4278c8","2023-05-14 11:00:51","Sano, vigoroso","2023-05-14T15:00:51.000Z"
"wm1173","Molle",-17.4190843173259,"P05MAd8vOCCoEN5dddUN","Corredor biológico urbano","Schinus molle","vivo",-66.02226980030537,"[]","tlHztvLuyMlWvQ8tJuhB",0.58,"https://firebasestorage.googleapis.com/v0/b/arbu-c574d.appspot.com/o/imagenesArbolesPlantados%2FJPEG_20230514_110254_6142602585288792665.jpg?alt=media&token=cd39b5cc-72bd-48e4-a17f-c30818ed5dff","2023-05-14 11:03:48","Sano, vigoroso","2023-05-14T15:03:48.000Z"
"wm1189","Tara",-17.419120785989314,"5qrVqgio7sewQ3WA4Uuj","Corredor biológico urbano","Tara spinosa (Feuillée ex Molina) Britton & Rose","vivo",-66.02231774479151,"[]","mQ8JUBcnynVDQeQLCpNw",0.5,"https://firebasestorage.googleapis.com/v0/b/arbu-c574d.appspot.com/o/imagenesArbolesPlantados%2FJPEG_20230514_110154_4172508772476842863.jpg?alt=media&token=662f4518-e29f-4928-a692-aecfb7181a0c","2023-05-14 11:04:14","falta de agua","2023-05-14T15:04:14.000Z"
"wm1174","Jacarandá",-17.419069921798847,"9EppSsgVlS2WKRNZQOor","Corredor biológico urbano","Jacarandá mimosifolia D. Don","vivo",-66.02228086441755,"[]","L8lvSNTSrZI5K301OzU0",0.49,"https://firebasestorage.googleapis.com/v0/b/arbu-c574d.appspot.com/o/imagenesArbolesPlantados%2FJPEG_20230514_110444_5933054774622782575.jpg?alt=media&token=bf95a624-9d31-4d73-98ab-d80e84630b82","2023-05-14 11:05:27","Sano, vigoroso","2023-05-14T15:05:27.000Z"
"wm1190","Jacarandá",-17.419089435735238,"1K5XZgtXH506dlXEtBYE","Corredor biológico urbano","Jacarandá mimosifolia D. Don","vivo",-66.0223489254713,"[]","Xjad5esAERuAt13V02OD",0.27,"https://firebasestorage.googleapis.com/v0/b/arbu-c574d.appspot.com/o/imagenesArbolesPlantados%2FJPEG_20230514_110452_6465700213582594406.jpg?alt=media&token=bd896a8c-e60a-452b-954b-de0c5c0c54c3","2023-05-14 11:05:33","Sano, vigoroso","2023-05-14T15:05:33.000Z"
"wm1188","Jacarandá",-17.419123665094013,"MX3YhiDcKn9BAvbqKJmr","Corredor biológico urbano","Jacarandá mimosifolia D. Don","vivo",-66.02228756994009,"[]","lHAi8ZNls4Cd8a6yxelD",0.25,"https://firebasestorage.googleapis.com/v0/b/arbu-c574d.appspot.com/o/imagenesArbolesPlantados%2FJPEG_20230514_110738_4216310240612547399.jpg?alt=media&token=367a2a0a-8d56-4e4e-a2fd-bc8a2ea4c4a0","2023-05-14 11:08:24","muerto","2023-05-14T15:08:24.000Z"
"wm1172","Tipa",-17.41905584617132,"4SaIzg8E7yXyQ0O1UDR1","Corredor biológico urbano","Tipuana tipu (Benth.) Kuntze.","vivo",-66.0223039984703,"[]","op7dwDakwviPPRuqT80W",0.98,"https://firebasestorage.googleapis.com/v0/b/arbu-c574d.appspot.com/o/imagenesArbolesPlantados%2FJPEG_20230514_111014_2117325624382085653.jpg?alt=media&token=7d93ae75-6bd5-4cdf-8dc6-f738f5dcc919","2023-05-14 11:12:04","Sano, vigoroso","2023-05-14T15:12:04.000Z"
"wm1175","Jacarandá",-17.419026735210927,"J8Nvi1oAGtNgQZmPdH0x","Corredor biológico urbano","Jacarandá mimosifolia D. Don","vivo",-66.02234221994877,"[]","Fi0lLmJSfkh3sTSe1sRV",0.52,"https://firebasestorage.googleapis.com/v0/b/arbu-c574d.appspot.com/o/imagenesArbolesPlantados%2FJPEG_20230514_111159_657822319812708310.jpg?alt=media&token=f0a79c1e-b047-45d5-829d-c7135fd71a79","2023-05-14 11:12:49","Sano, vigoroso","2023-05-14T15:12:49.000Z"
"wm1176","Jacarandá",-17.418999543650326,"1mL7b7JdKxi59ntmjYuu","Corredor biológico urbano","Jacarandá mimosifolia D. Don","vivo",-66.0223874822259,"[]","DTj3ILf0EKzQzPuwExGY",0.52,"https://firebasestorage.googleapis.com/v0/b/arbu-c574d.appspot.com/o/imagenesArbolesPlantados%2FJPEG_20230514_111246_2797540246270473091.jpg?alt=media&token=44053783-49eb-4dc8-b2b0-c7adfc8899ce","2023-05-14 11:13:22","Sano, vigoroso","2023-05-14T15:13:22.000Z"
"wm1166","Jacarandá",-17.41897619089504,"iZxiLkqSWKU2eCo3b2jD","Corredor biológico urbano","Jacarandá mimosifolia D. Don","vivo",-66.02241933345795,"[]","3ZnPU7sqaZMWD4zIanXL",0.27,"https://firebasestorage.googleapis.com/v0/b/arbu-c574d.appspot.com/o/imagenesArbolesPlantados%2FJPEG_20230514_111339_554554230847288251.jpg?alt=media&token=fbd8cc52-cf22-4b9e-bbe6-75078a3bfeef","2023-05-14 11:14:44","Sano, vigoroso","2023-05-14T15:14:44.000Z"
"wm1191","Algarrobo",-17.418992825734737,"Og9kare8nvBff3iFkKLK","Corredor biológico urbano","Prosopis alba Griseb.","vivo",-66.0224562138319,"[]","rMUkoBWfhY1Txr0XPCcC",0.55,"https://firebasestorage.googleapis.com/v0/b/arbu-c574d.appspot.com/o/imagenesArbolesPlantados%2FJPEG_20230514_111828_2221107431064110769.jpg?alt=media&token=138effed-7514-4345-8236-4e2a75d495f8","2023-05-14 11:20:25","Sano, vigoroso","2023-05-14T15:20:25.000Z"
"wm1177","Soto",-17.418950918731877,"lWxjhkYnE56Ag0RMjgpG","Corredor biológico urbano","Schinopsis haenkeana Engl.","vivo",-66.02242637425661,"[]","stbO3yNYOCKaqOLU4Ibc",0.1,"https://firebasestorage.googleapis.com/v0/b/arbu-c574d.appspot.com/o/imagenesArbolesPlantados%2FJPEG_20230514_112057_2092905533170350807.jpg?alt=media&token=556db17c-8603-46a7-b632-3a94b62c7303","2023-05-14 11:21:54","seco","2023-05-14T15:21:54.000Z"
"wm1178","Limon",-17.418938442599384,"gEy0SvgUTRCOKTtYAQ8B","Corredor biológico urbano","Citrus x limon","vivo",-66.02246291935444,"[]","xkEr8ztDbWmYgHVyNnyF",0.66,"https://firebasestorage.googleapis.com/v0/b/arbu-c574d.appspot.com/o/imagenesArbolesPlantados%2FJPEG_20230514_112548_2681300152236483572.jpg?alt=media&token=5c16d5d9-f805-4c9e-a5a1-395c631b1452","2023-05-14 11:26:01","Sano, vigoroso","2023-05-14T15:26:01.000Z"
"wm1179","Jacarandá",-17.418933004284963,"GTQ7tkROW6L3QtSNl6xa","Corredor biológico urbano","Jacarandá mimosifolia D. Don","vivo",-66.02253500372171,"[]","nAlnlKSp2JAohLeTtnor",0.2,"https://firebasestorage.googleapis.com/v0/b/arbu-c574d.appspot.com/o/imagenesArbolesPlantados%2FJPEG_20230514_112523_3201656852132295307.jpg?alt=media&token=dae9b136-2289-412b-bf58-b1debb6e59ca","2023-05-14 11:26:02","Sano, vigoroso","2023-05-14T15:26:02.000Z"